words,tf,idf,tfidf
pay,3.0,5.655991810819852,16.967975432459557
way,3.0,5.145166187053862,15.435498561161586
multiple,3.0,5.655991810819852,16.967975432459557
flexible,33.0,3.258096538021482,107.5171857547089
stay,12.0,4.269697449699962,51.23636939639954
watch,2.0,6.061456918928017,12.122913837856034
walking,2.0,6.061456918928017,12.122913837856034
car,4.0,3.8101651203215217,15.240660481286087
place,6.0,4.962844630259907,29.777067781559442
trip,7.0,4.808693950432649,33.66085765302854
cheap,8.0,4.675162557808126,37.40130046246501
lot,2.0,4.962844630259907,9.925689260519814
walk,4.0,4.962844630259907,19.851378521039628
live,4.0,5.368309738368072,21.473238953472286
explore,5.0,5.145166187053862,25.725830935269308
fun,10.0,4.4520190064939165,44.520190064939165
rush,2.0,6.061456918928017,12.122913837856034
much,10.0,4.4520190064939165,44.520190064939165
book,3.0,5.655991810819852,16.967975432459557
couple,2.0,6.061456918928017,12.122913837856034
enjoy,13.0,4.189654742026425,54.46551164634353
plan,48.0,2.862783801377336,137.41362246611212
moment,5.0,5.145166187053862,25.725830935269308
people,7.0,4.808693950432649,33.66085765302854
open,13.0,3.982015377248181,51.766199904226355
airport,3.0,5.655991810819852,16.967975432459557
buy,4.0,5.368309738368072,21.473238953472286
toilet,2.0,6.061456918928017,12.122913837856034
save,3.0,5.655991810819852,16.967975432459557
food,10.0,4.4520190064939165,44.520190064939165
slow,4.0,5.368309738368072,21.473238953472286
work,3.0,5.655991810819852,16.967975432459557
gas,2.0,6.061456918928017,12.122913837856034
download,2.0,6.061456918928017,12.122913837856034
map,7.0,4.962844630259907,34.73991241181935
without,2.0,6.061456918928017,12.122913837856034
think,4.0,5.368309738368072,21.473238953472286
money,10.0,4.4520190064939165,44.520190064939165
need,3.0,5.655991810819852,16.967975432459557
regret,2.0,6.061456918928017,12.122913837856034
might,2.0,6.061456918928017,12.122913837856034
time,15.0,4.189654742026425,62.844821130396376
leave,9.0,4.557379522151743,41.01641569936569
spontaneity,2.0,6.061456918928017,12.122913837856034
rent,2.0,4.675162557808126,9.350325115616252
start,2.0,6.061456918928017,12.122913837856034
traveling,3.0,5.655991810819852,16.967975432459557
stop,2.0,6.061456918928017,12.122913837856034
use,9.0,4.557379522151743,41.01641569936569
fine,2.0,6.061456918928017,12.122913837856034
comfort,6.0,4.675162557808126,28.05097534684876
zone,5.0,5.145166187053862,25.725830935269308
risk,2.0,6.061456918928017,12.122913837856034
see,6.0,4.675162557808126,28.05097534684876
something,6.0,4.962844630259907,29.777067781559442
one,6.0,0.7531892215268122,4.519135329160873
put,2.0,6.061456918928017,12.122913837856034
away,2.0,6.061456918928017,12.122913837856034
phone,4.0,5.368309738368072,21.473238953472286
beaten,7.0,4.808693950432649,33.66085765302854
mind,4.0,4.808693950432649,19.234775801730596
good,5.0,5.145166187053862,25.725830935269308
shoe,4.0,5.368309738368072,21.473238953472286
pack,27.0,3.258096538021482,87.96860652658002
light,24.0,3.320616895002816,79.69480548006759
curious,3.0,5.655991810819852,16.967975432459557
yes,5.0,5.145166187053862,25.725830935269308
say,6.0,4.962844630259907,29.777067781559442
wont,2.0,6.061456918928017,12.122913837856034
want,4.0,5.368309738368072,21.473238953472286
back,5.0,4.557379522151743,22.786897610758714
le,10.0,2.2220046063347065,22.220046063347066
local,24.0,3.5765502691400166,85.8372064593604
destination,5.0,5.145166187053862,25.725830935269308
pick,2.0,6.061456918928017,12.122913837856034
weight,2.0,6.061456918928017,12.122913837856034
experience,18.0,3.8642323415917974,69.55618214865235
let,4.0,4.675162557808126,18.700650231232505
new,10.0,4.4520190064939165,44.520190064939165
lost,7.0,4.808693950432649,33.66085765302854
carry,7.0,4.962844630259907,34.73991241181935
relax,12.0,4.269697449699962,51.23636939639954
prepared,8.0,4.962844630259907,39.702757042079256
travel,19.0,3.6191098835588127,68.76308778761744
drink,6.0,4.962844630259907,29.777067781559442
water,4.0,5.368309738368072,21.473238953472286
bottle,3.0,5.655991810819852,16.967975432459557
card,5.0,5.145166187053862,25.725830935269308
credit,3.0,5.655991810819852,16.967975432459557
flight,5.0,5.368309738368072,26.84154869184036
point,4.0,5.368309738368072,21.473238953472286
long,4.0,5.368309738368072,21.473238953472286
attraction,2.0,6.061456918928017,12.122913837856034
afraid,11.0,4.356708826689592,47.923797093585506
break,2.0,6.061456918928017,12.122913837856034
everything,10.0,4.4520190064939165,44.520190064939165
make,7.0,4.808693950432649,33.66085765302854
effort,2.0,6.061456918928017,12.122913837856034
research,28.0,3.4587672334836332,96.84548253754173
find,4.0,5.368309738368072,21.473238953472286
keep,6.0,4.962844630259907,29.777067781559442
well,4.0,5.368309738368072,21.473238953472286
fuck,2.0,6.061456918928017,12.122913837856034
change,4.0,5.368309738368072,21.473238953472286
self,2.0,6.061456918928017,12.122913837856034
day,7.0,4.962844630259907,34.73991241181935
eat,13.0,3.8101651203215217,49.53214656417978
around,3.0,5.655991810819852,16.967975432459557
native,2.0,6.061456918928017,12.122913837856034
best,5.0,5.145166187053862,25.725830935269308
backpack,4.0,5.368309738368072,21.473238953472286
free,3.0,5.655991810819852,16.967975432459557
tour,2.0,4.356708826689592,8.713417653379183
little,5.0,5.145166187053862,25.725830935269308
flow,15.0,4.046553898385752,60.69830847578628
wing,2.0,6.061456918928017,12.122913837856034
idea,2.0,6.061456918928017,12.122913837856034
somewhere,4.0,5.368309738368072,21.473238953472286
worry,6.0,4.962844630259907,29.777067781559442
never,9.0,4.557379522151743,41.01641569936569
important,2.0,6.061456918928017,12.122913837856034
you,6.0,4.356708826689592,26.140252960137552
itinerant,3.0,5.655991810819852,16.967975432459557
alert,2.0,6.061456918928017,12.122913837856034
follow,2.0,6.061456918928017,12.122913837856034
city,6.0,4.962844630259907,29.777067781559442
spontaneous,5.0,5.145166187053862,25.725830935269308
bring,10.0,4.557379522151743,45.57379522151743
blend,2.0,6.061456918928017,12.122913837856034
hotel,4.0,5.368309738368072,21.473238953472286
outside,2.0,6.061456918928017,12.122913837856034
big,3.0,5.655991810819852,16.967975432459557
restaurant,2.0,6.061456918928017,12.122913837856034
smart,2.0,6.061456918928017,12.122913837856034
arrived,2.0,6.061456918928017,12.122913837856034
better,6.0,5.368309738368072,32.20985843020843
allow,3.0,5.655991810819852,16.967975432459557
every,4.0,4.1155467698727035,16.462187079490814
stuff,6.0,5.145166187053862,30.87099712232317
small,6.0,5.145166187053862,30.87099712232317
safe,5.0,5.145166187053862,25.725830935269308
worst,2.0,6.061456918928017,12.122913837856034
island,2.0,6.061456918928017,12.122913837856034
talk,7.0,4.808693950432649,33.66085765302854
even,3.0,5.655991810819852,16.967975432459557
your,5.0,5.145166187053862,25.725830935269308
roll,2.0,6.061456918928017,12.122913837856034
wrong,3.0,5.655991810819852,16.967975432459557
look,6.0,4.962844630259907,29.777067781559442
beforehand,4.0,5.368309738368072,21.473238953472286
stick,3.0,5.655991810819852,16.967975432459557
arrive,4.0,4.962844630259907,19.851378521039628
site,2.0,6.061456918928017,12.122913837856034
early,5.0,5.145166187053862,25.725830935269308
budget,2.0,6.061456918928017,12.122913837856034
comfortable,2.0,6.061456918928017,12.122913837856034
many,5.0,5.145166187053862,25.725830935269308
tourist,9.0,4.557379522151743,41.01641569936569
improvised,2.0,6.061456918928017,12.122913837856034
different,4.0,5.368309738368072,21.473238953472286
hostel,5.0,5.145166187053862,25.725830935269308
push,2.0,6.061456918928017,12.122913837856034
meet,4.0,5.368309738368072,21.473238953472286
expect,3.0,4.675162557808126,14.02548767342438
luggage,4.0,5.368309738368072,21.473238953472286
trust,2.0,6.061456918928017,12.122913837856034
forget,2.0,6.061456918928017,12.122913837856034
etc,2.0,6.061456918928017,12.122913837856034
bar,2.0,6.061456918928017,12.122913837856034
extra,3.0,5.655991810819852,16.967975432459557
planned,2.0,6.061456918928017,12.122913837856034
stray,2.0,6.061456918928017,12.122913837856034
jetlag,2.0,6.061456918928017,12.122913837856034
path,6.0,4.962844630259907,29.777067781559442
part,3.0,5.655991810819852,16.967975432459557
half,4.0,5.368309738368072,21.473238953472286
scar,2.0,6.061456918928017,12.122913837856034
photo,2.0,6.061456918928017,12.122913837856034
area,2.0,6.061456918928017,12.122913837856034
visit,2.0,6.061456918928017,12.122913837856034
night,4.0,5.368309738368072,21.473238953472286
overland,3.0,5.655991810819852,16.967975432459557
location,3.0,5.655991810819852,16.967975432459557
bad,2.0,6.061456918928017,12.122913837856034
flexibility,3.0,5.655991810819852,16.967975432459557
others,2.0,6.061456918928017,12.122913837856034
short,2.0,6.061456918928017,12.122913837856034
life,3.0,5.655991810819852,16.967975432459557
picture,3.0,5.655991810819852,16.967975432459557
friendly,2.0,6.061456918928017,12.122913837856034
bag,3.0,5.655991810819852,16.967975432459557
lax,2.0,4.1155467698727035,8.231093539745407
activity,2.0,6.061456918928017,12.122913837856034
carron,2.0,6.061456918928017,12.122913837856034
check,3.0,5.655991810819852,16.967975432459557
trail,2.0,6.061456918928017,12.122913837856034
going,2.0,6.061456918928017,12.122913837856034
culture,3.0,5.655991810819852,16.967975432459557
immense,2.0,6.061456918928017,12.122913837856034
solo,2.0,6.061456918928017,12.122913837856034
expectation,4.0,5.368309738368072,21.473238953472286
that,2.0,6.061456918928017,12.122913837856034
okay,2.0,6.061456918928017,12.122913837856034
unexpected,2.0,6.061456918928017,12.122913837856034
first,2.0,6.061456918928017,12.122913837856034
package,2.0,6.061456918928017,12.122913837856034
sure,2.0,6.061456918928017,12.122913837856034
goose,4.0,5.368309738368072,21.473238953472286
stand,2.0,6.061456918928017,12.122913837856034
someone,2.0,6.061456918928017,12.122913837856034
style,2.0,6.061456918928017,12.122913837856034
friend,4.0,4.962844630259907,19.851378521039628
rental,2.0,6.061456918928017,12.122913837856034
insurance,2.0,6.061456918928017,12.122913837856034
fly,2.0,6.061456918928017,12.122913837856034
stupid,2.0,6.061456918928017,12.122913837856034
like,6.0,4.962844630259907,29.777067781559442
act,3.0,4.808693950432649,14.426081851297948
fewer,2.0,6.061456918928017,12.122913837856034
lightly,3.0,5.655991810819852,16.967975432459557
possible,4.0,5.368309738368072,21.473238953472286
enough,2.0,6.061456918928017,12.122913837856034
clothes,4.0,5.368309738368072,21.473238953472286
double,2.0,6.061456918928017,12.122913837856034
camera,2.0,6.061456918928017,12.122913837856034
stress,3.0,5.655991810819852,16.967975432459557
learn,2.0,6.061456918928017,12.122913837856034
language,2.0,6.061456918928017,12.122913837856034
rest,2.0,5.368309738368072,10.736619476736143
panic,3.0,5.655991810819852,16.967975432459557
openminded,3.0,5.655991810819852,16.967975432459557
wear,2.0,6.061456918928017,12.122913837856034
anything,2.0,6.061456918928017,12.122913837856034
journal,2.0,6.061456918928017,12.122913837856034
know,2.0,6.061456918928017,12.122913837856034
wallet,2.0,6.061456918928017,12.122913837856034
seek,2.0,6.061456918928017,12.122913837856034
cut,2.0,6.061456918928017,12.122913837856034
street,2.0,6.061456918928017,12.122913837856034
choose,2.0,6.061456918928017,12.122913837856034
travelling,2.0,6.061456918928017,12.122913837856034
behind,2.0,6.061456918928017,12.122913837856034
